{
  "epochs": [
    {
      "epoch": 0,
      "ce_mean": 2.7947322654724123,
      "ae_mean": 0.1729527937131934
    },
    {
      "epoch": 1,
      "ce_mean": 0.5783517187833787,
      "ae_mean": 0.00015158357418840752
    },
    {
      "epoch": 2,
      "ce_mean": 0.19011738777160644,
      "ae_mean": 4.3394002568675204e-05
    }
  ],
  "config": {
    "alpha": 1.0,
    "beta": 0.5,
    "epochs": 3,
    "batch": 4,
    "n_pairs": 100
  },
  "wall_seconds": 7.950077533721924
}